{
    "ID":"IceGiant",
    "typeName":"Ice Giant",
    "description":"A massive volume of frozen material, primarily composed of <link=\"ICE\">Ice</link>.",
    "iconSize":96,
    "spriteName":"icyMoon",
    "elementTable":
    {
        "Ice":{"min":100.0,"max":200.0},
        "SolidCarbonDioxide":{"min":100.0,"max":200.0},
        "SolidOxygen":{"min":100.0,"max":200.0},
        "SolidMethane":{"min":100.0,"max":200.0}
    },
    "recoverableEntities":null,
    "artifactDropRate":"Perfect",
    "distanceRange":{"min":100000.0,"max":110000.0}
}