{
    "ID":"IcyDwarf",
    "typeName":"Ice Planet",
    "description":"A terrestrial destination whose surface is almost completely frozen over.",
    "iconSize":64,
    "spriteName":"icyMoon",
    "elementTable":
    {
        "Ice":{"min":100.0,"max":200.0},
        "SolidCarbonDioxide":{"min":100.0,"max":200.0},
        "SolidOxygen":{"min":100.0,"max":200.0},
        "SolidMethane":{"min":100.0,"max":200.0}
    },
    "recoverableEntities":
    {
        "ColdBreatherSeed":3,
        "ColdWheatSeed":4
    },
    "artifactDropRate":"Great",
    "distanceRange":{"min":60000.0,"max":80000.0}
}