{
    "ID":"OrganicDwarf",
    "typeName":"Organic Mass",
    "description":"A mass of organic material similar to the ooze used to print Duplicants. This sample is heavily degraded.",
    "iconSize":64,
    "spriteName":"organicAsteroid",
    "elementTable":
    {
        "SlimeMold":{"min":100.0,"max":200.0},
        "DirtyWater":{"min":100.0,"max":200.0},
        "Algae":{"min":100.0,"max":200.0},
        "CarbonDioxide":{"min":100.0,"max":200.0},
        "ContaminatedOxygen":{"min":100.0,"max":200.0}
    },
    "recoverableEntities":
    {
        "Moo":1,"GasGrassSeed":4
    },
    "artifactDropRate":"Great",
    "distanceRange":{"min":60000.0,"max":80000.0}
}