{
    "ID":"RockyAsteroid",
    "typeName":"Rocky Asteroid",
    "description":"A minor mineral planet. Unlike a comet, it does not possess a tail.",
    "iconSize":32,
    "spriteName":"asteroid",
    "elementTable":
    {
        "IronOre":{"min":100.0,"max":200.0},
        "Cuprite":{"min":100.0,"max":200.0},
        "SedimentaryRock":{"min":100.0,"max":200.0},
        "IgneousRock":{"min":100.0,"max":200.0}
    },
    "recoverableEntities":{
        "HatchHard":3
    },
    "artifactDropRate":"Good",
    "distanceRange":{"min":40000.0,"max":60000.0}
}