{
    "ID":"Satellite",
    "typeName":"Satellite",
    "description":"An artificial construct that has escaped its orbit. It no longer appears to be monitored.",
    "iconSize":16,
    "spriteName":"asteroid",
    "elementTable":
    {
        "Steel":{"min":100.0,"max":200.0},
        "Copper":{"min":100.0,"max":200.0},
        "Glass":{"min":100.0,"max":200.0}
    },
    "recoverableEntities":null,
    "artifactDropRate":"Bad",
    "distanceRange":{"min":30000.0,"max":40000.0}
}