{
    "ID":"VolcanoPlanet",
    "typeName":"Volcanic Planet",
    "description":"A large terrestrial object composed mainly of molten rock.",
    "iconSize":96,
    "spriteName":"planet",
    "elementTable":
    {
        "Magma":{"min":100.0,"max":200.0},
        "IgneousRock":{"min":100.0,"max":200.0},
        "Obsidian":{"min":100.0,"max":200.0},
        "Katairite":{"min":100.0,"max":200.0}
    },
    "recoverableEntities":null,
    "artifactDropRate":"Amazing",
    "distanceRange":{"min":90000.0,"max":100000.0}
}