{
    "ID":"DyingSun",
    "typeName":"Dying Sun",
    "description":"A star at the end of it's lifecycle. It's fusion has mostly stopped, allowing for careful harvest of superheated fusion products.",
    "iconSize":96,
    "spriteName":"nebula",
    "elementTable":
    {
        "TungstenGas":{"min":100.0,"max":200.0},
        "MercuryGas":{"min":100.0,"max":200.0},
        "CarbonGas":{"min":100.0,"max":200.0}
    },
    "recoverableEntities":null,
    "artifactDropRate":"Bad",
    "distanceRange":{"min":50000.0,"max":80000.0}
}