{
    "ID":"TradeStation",
    "typeName":"Trading Outpost",
    "description":"An unmanned station controlled by a lone trade bot. Fortunately, it appears to be broken, giving out supplies and scrap for free.",
    "iconSize":16,
    "spriteName":"asteroid",
    "elementTable":
    {
        "Cuprite":{"min":100.0,"max":200.0},
        "IronOre":{"min":100.0,"max":200.0},
        "Electrum":{"min":100.0,"max":200.0},
        "Water":{"min":100.0,"max":200.0},
        "LiquidHydrogen":{"min":100.0,"max":200.0},
        "LiquidOxygen":{"min":100.0,"max":200.0}
    },
    "recoverableEntities":
    {
        "Atmo_Suit":2,
        "Funky_Vest":2,
        "BasicCure":12,
        "IntermediateCure":12,
        "AdvancedCure":12
    },
    "artifactDropRate":"Mediocre",
    "distanceRange":{"min":80000.0,"max":110000.0}
}